{"types":[{"name":"Proton","color":{"0":0.949999988079071,"1":0.5600000023841858,"2":0.11999999731779099,"3":1},"radius":0.29,"size":1.91,"mass":0.12,"id":1},{"name":"Neutron","color":{"0":0.44999998807907104,"1":0.3100000023841858,"2":0.25,"3":1},"radius":0.81,"size":0.81,"mass":0.17,"id":2},{"name":"Electron","color":{"0":0.6100000143051147,"1":0.3499999940395355,"2":0.5899999737739563,"3":1},"radius":17.3,"size":1.19,"mass":0.06,"id":3},{"name":"Boson","color":{"0":0.019999999552965164,"1":0.3799999952316284,"2":0.7900000214576721,"3":1},"radius":13.1,"size":1.14,"mass":0.16,"id":4}],"forces":[[-0.34,-0.4,-0.09,-0.37],[-0.12,-0.09,-0.02,-0.36],[0.14,0.14,0.31,0.12],[-0.27,-0.26,0.36,0.28]],"id":0,"name":"Orange"}